"FDT_STA_ID","ID305B_1","ID305B_2","n","Buffer Distance","Spatially Snapped","Comments"
"4ASRE051.06","VAW-L51L_SRE02A02",NA,1,"Manual Review | No connections within 80 m",FALSE,"Manual Accept | This station revisited in 2019 from 1975."
"2BRRW000.96","VAW-H01R_RRW01A02",NA,1,"Manual Review | 20 m",FALSE,"Manual Accept |"
"2BJMS273.86","VAW-H01R_JMS02A00",NA,1,"Manual Review | 20 m",FALSE,"Manual Accept |"
"2-HAZ006.91","VAW-H04R_HAZ01A00",NA,1,"Manual Review | 20 m",FALSE,"Manual Accept |"
"2-RTD005.06","VAW-H12R_RTD02A00",NA,1,"Manual Review | 40 m",FALSE,"Manual Accept |"
"2-LMC001.37","VAW-I26R_LMC01A00",NA,2,"Manual Review | 60 m",FALSE,"Manual Accept |"
"2-DNP024.01","VAW-I07R_DNP05A06",NA,1,"Manual Review | 20 m",FALSE,"Manual Accept |"
"2-DNP018.47","VAW-I07R_DNP05A06",NA,1,"Manual Review | 40 m",FALSE,"Manual Accept |"
"2-JKS021.09","VAW-I09R_JKS05A00",NA,1,"Manual Review | 20 m",FALSE,"Manual Accept |"
"2-JKS022.15","VAW-I09R_JKS05A00",NA,1,"Manual Review | 20 m",FALSE,"Manual Accept |"
"2-JKS022.78","VAW-I09R_JKS06A00",NA,1,"Manual Review | 40 m",FALSE,"Manual Accept |"
"2-CWP001.24","VAW-I17R_CWP01A00",NA,1,"Manual Review | 20 m",FALSE,"Manual Accept |"
"2AZAL002.11","VAW-I21R_ZZZ01A00",NA,1,"Manual Review | 20 m",FALSE,"Manual Accept |"
"9-BIC002.81","VAW-N21R_BIC01A02",NA,1,"Manual Review | 20 m",FALSE,"Manual Accept |"
"4ALWC000.67","VAW-L51R_WID01A02",NA,1,"Manual Review | 20 m",FALSE,"Manual Accept | Paired with nearest AU; AU split needed during 2022 IR process"
"4AMSA000.02","VAW-L52R_SRE30A00",NA,1,"Manual Review | 20 m",FALSE,"Manual Accept | Will need AU split during 2022 IR processing period"
"4ALNF006.42","VAW-L15R_ZZZ01A00",NA,1,"Manual Review | 20 m",FALSE,"Manual Accept | Will need AU split during 2022 IR processing period"
"4AXWL001.84","VAW-L17R_ZZZ01A00",NA,1,"Manual Review | 20 m",FALSE,"Manual Accept | Will need AU split during 2022 IR processing period"
"4ALWD016.84","VAW-L56R_ZZZ03A14",NA,1,"Manual Review | 20 m",FALSE,"Manual Accept | Will need AU split during 2022 IR processing period"
"4ARCH000.72","VAW-L43R_RCH02A02",NA,1,"Manual Review | 20 m",FALSE,"Manual Accept |"
"4ASRV015.06","VAW-L58R_SRV03A06",NA,1,"Manual Review | 20 m",FALSE,"Manual Accept |"
"4ABOE001.34","VAW-L21R_BOE01A08",NA,1,"Manual Review | 20 m",FALSE,"Manual Accept |"
"4ASBA008.39","VAW-L21R_SBA02A08",NA,1,"Manual Review | 20 m",FALSE,"Manual Accept |"
"4ALOR005.92","VAW-L26R_LOR02A00",NA,1,"Manual Review | 20 m",FALSE,"Manual Accept |"
"4ALOA000.62","VAW-L13R_ZZZ01A18",NA,1,"Manual Review | 20 m",FALSE,"Manual Accept | Will need AU split during 2022 IR processing period"
"4AGSE000.20","VAW-L22R_GSE01A00",NA,1,"Manual Review | 20 m",FALSE,"Manual Accept |"
"4AGEO007.12","VAW-L68R_GEO01B14",NA,1,"Manual Review | 20 m",FALSE,"Manual Accept |"
"4ASNE005.10","VAW-L69R_SNE01A00",NA,1,"Manual Review | 20 m",FALSE,"Manual Accept |"
"4ASCK003.10","VAW-L67R_ZZZ01C14",NA,1,"Manual Review | 20 m",FALSE,"Manual Accept | AU split needed during 2022 IR processing period"
"4ASNA021.63","VAW-L70R_SNA02A08",NA,1,"Manual Review | 20 m",FALSE,"Manual Accept |"
"4ABST011.48","VAW-L77R_BST01A98",NA,1,"Manual Review | 20 m",FALSE,"Manual Accept |"
"4ABST012.29","VAW-L77R_BST01A98",NA,1,"Manual Review | 20 m",FALSE,"Manual Accept |"
"4ABHB011.31","VAW-L75R_BHB01A98",NA,1,"Manual Review | 20 m",FALSE,"Manual Accept |"
"4ABHB013.93","VAW-L75R_BHB01A98",NA,1,"Manual Review | 20 m",FALSE,"Manual Accept |"
"4AFRV003.07","VAW-L34R_FRV02A00",NA,2,"Manual Review | 40 m",FALSE,"Manual Accept | Station location coordinates are way off; need to fix!"
"4AFRV007.57","VAW-L34R_FRV04A00",NA,1,"Manual Review | 40 m",FALSE,"Manual Accept |"
"4ABCD001.70","VAW-L36R_BCD01A08",NA,1,"Manual Review | 20 m",FALSE,"Manual Accept |"
"4ALRO010.68","VAW-L39R_LRO02A10",NA,1,"Manual Review | 20 m",FALSE,"Manual Accept |"
"4AXVO000.60","VAW-L39R_XVO01A14",NA,1,"Manual Review | 20 m",FALSE,"Manual Accept |"
"4AMES006.19","VAW-L79R_MES01A98",NA,1,"Manual Review | 20 m",FALSE,"Manual Accept |"
"4AMES006.61","VAW-L79R_MES01A98",NA,1,"Manual Review | 40 m",FALSE,"Manual Accept |"
"2BXDY001.38","VAV-H24R_DYL01A00",NA,1,"Manual Review | 20 m",FALSE,"Manual Accept |"
"2-BSC001.58","VAV-H28R_BSC01A00",NA,1,"Manual Review | 20 m",FALSE,"Manual Accept |"
"2-BGC008.10","VAV-H20R_BGC02A04",NA,1,"Manual Review | 20 m",FALSE,"Manual Accept |"
"2-TYE012.45","VAV-H09R_TYE01A00",NA,1,"Manual Review | 20 m",FALSE,"Manual Accept |"
"2-PRG000.02","VAV-H24R_PRG01A10",NA,2,"Manual Review | 40 m",FALSE,"Manual Accept |"
"2-BLD012.56","VAV-I38R_BLD02A04",NA,1,"Manual Review | 60 m",FALSE,"Manual Accept |"
"2-STH015.61","VAV-I36R_STH03A12",NA,1,"Manual Review | No connections within 80 m",FALSE,"Manual Accept |"
"2-STH014.78","VAV-I36R_STH03A12",NA,2,"Manual Review | 20 m",FALSE,"Manual Accept |"
"1BXEM001.88","VAV-B57R_MMS01A00",NA,1,"Manual Review | 20 m",FALSE,"Manual Accept |"
"1BSHN050.63","VAV-B55R_SHN01B10",NA,1,"Manual Review | 80 m",FALSE,"Manual Accept |"
"1BSHN051.60","VAV-B55R_SHN01B10",NA,1,"Manual Review | 20 m",FALSE,"Manual Accept |"
"1BSSF004.03","VAV-B41R_SSF02A00",NA,1,"Manual Review | 20 m",FALSE,"Manual Accept |"
"1BNFS007.93","VAV-B51R_NFS04A00",NA,1,"Manual Review | 20 m",FALSE,"Manual Accept |"
"1BNFS028.66","VAV-B50R_NFS01A00",NA,1,"Manual Review | 60 m",FALSE,"Manual Accept |"
"1BNFS033.37","VAV-B50R_NFS01A00",NA,1,"Manual Review | 60 m",FALSE,"Manual Accept |"
"1BNFS036.47","VAV-B50R_NFS01A00",NA,1,"Manual Review | 20 m",FALSE,"Manual Accept |"
"1BNFS046.79","VAV-B50R_NFS02A00",NA,1,"Manual Review | 20 m",FALSE,"Manual Accept |"
"1BNFS049.59","VAV-B50R_NFS02A00",NA,1,"Manual Review | 20 m",FALSE,"Manual Accept |"
"1BNFS050.20","VAV-B50R_NFS03A00",NA,1,"Manual Review | 20 m",FALSE,"Manual Accept |"
"1BSTY012.47","VAV-B49R_STY04A04",NA,1,"Manual Review | 20 m",FALSE,"Manual Accept |"
"1BNFS081.80","VAV-B45R_NFS01B14",NA,1,"Manual Review | 60 m",FALSE,"Manual Accept |"
"1BLNV007.42","VAV-B46R_LNV02A04",NA,1,"Manual Review | 20 m",FALSE,"Manual Accept |"
"1BSSF084.35","VAV-B35R_SSF01B14",NA,1,"Manual Review | 20 m",FALSE,"Manual Accept |"
"1BSSF089.89","VAV-B35R_SSF02A10",NA,1,"Manual Review | 20 m",FALSE,"Manual Accept |"
"1BSSF098.00","VAV-B33R_SSF01A00",NA,1,"Manual Review | 20 m",FALSE,"Manual Accept |"
"1BNTH053.89","VAV-B16R_NTH03A00",NA,1,"Manual Review | 20 m",FALSE,"Manual Accept |"
"2-BMO001.95","VAV-H20R_ZZZ02A14",NA,1,"Manual Review | 60 m",FALSE,"Manual Accept |"
"2AKND001.25","VAV-I32R_ZZZ02A10",NA,1,"Manual Review | 20 m",FALSE,"Manual Accept |"
"FakeStation","Fake_AU",NA,1,"Manual Review | 60 m",FALSE,"Manual Accept |"
"2-SWP001.45","VAW-H02R_SWP01A02",NA,1,"Manual Review | 20 m",FALSE,"Manual Accept |"
"2BJMS282.98","VAW-H01R_JMS04A00",NA,1,"Manual Review | No connections within 80 m",FALSE,"Manual Accept | new station"
"2-POL003.66","VAW-H02R_POL01A00",NA,1,"Manual Review | 20 m",FALSE,"Manual Accept | new station"
"2BJMS267.05","VAW-H03R_JMS06A02",NA,1,"Manual Review | 60 m",FALSE,"Manual Accept | new station"
"2BJMS259.12","VAW-H03R_JMS01A00",NA,1,"Manual Review | 80 m",FALSE,"Manual Accept | new station"
"2-JMS229.14","VAW-H05R_JMS01A00",NA,1,"Manual Review | 40 m",FALSE,"Manual Accept | coded 2BJMS229.14 by VRO for FT"
"2-JMS189.94","VAV-H17R_JMS01A18",NA,1,"Manual Review | 40 m",FALSE,"Manual Accept |"
"2BXMW000.02",NA,NA,1,"Manual Review | 40 m",FALSE,"Manual Accept | N/A: this station was a pollution response to sewage overflow, do not use in assessment"
"2BXMW000.10","VAV-H28R_XMW01A10",NA,1,"Manual Review | No connections within 80 m",FALSE,"Manual Accept |"
"2BXWC001.75","VAV-H15R_ZZZ01B00",NA,1,"Manual Review | 20 m",FALSE,"Manual Accept |"
"2-SBT000.17","VAV-H23R_SLB01A08",NA,1,"Manual Review | 20 m",FALSE,"Manual Accept |"
"2-XJV000.25","VAV-H23R_XPT01A10",NA,1,"Manual Review | 20 m",FALSE,"Manual Accept |"
"2-RRS011.37","VAV-H26R_RRS03A00",NA,1,"Manual Review | 20 m",FALSE,"Manual Accept |"
"2BMSH000.10","VAV-H27R_MAR01A10",NA,1,"Manual Review | 20 m",FALSE,"Manual Accept |"
"2-DCH004.68","VAV-H16R_ZZZ04A10",NA,1,"Manual Review | 20 m",FALSE,"Manual Accept |"
"2-DCH005.45","VAV-H16R_ZZZ04A10",NA,1,"Manual Review | 20 m",FALSE,"Manual Accept |"
"2-JEN003.14","VAV-H09R_ZZZ02B10",NA,1,"Manual Review | 20 m",FALSE,"Manual Accept |"
"2-JEN003.74","VAV-H09R_ZZZ02B10",NA,1,"Manual Review | 20 m",FALSE,"Manual Accept |"
"2-BKC000.08","VAV-H09R_BKC01A14",NA,1,"Manual Review | 20 m",FALSE,"Manual Accept |"
"2-JMS218.34","VAV-H14R_JMS02A18",NA,2,"Manual Review | 20 m",FALSE,"Manual Accept | James River station at Cunninghams Island"
"2BJMS287.57","VAV-I28R_JMS01A00",NA,1,"Manual Review | 40 m",FALSE,"Manual Accept |"
"2-MRL000.63","VAV-I36R_MRL01A00",NA,1,"Manual Review | 20 m",FALSE,"Manual Accept |"
"2-MIS000.30","VAV-I35R_MIS01A00",NA,1,"Manual Review | 20 m",FALSE,"Manual Accept |"
"2-MRY020.82","VAV-I35R_MRY01A00",NA,1,"Manual Review | 20 m",FALSE,"Manual Accept |"
"2-MRY027.62","VAV-I33R_MRY01B10",NA,1,"Manual Review | 20 m",FALSE,"Manual Accept |"
"2-MRY031.68","VAV-I33R_MRY01B10",NA,1,"Manual Review | 20 m",FALSE,"Manual Accept |"
"1ABAR032.50","VAV-B07R_BAR01A00",NA,1,"Manual Review | 20 m",FALSE,"Manual Accept |"
"1BNFS002.27","VAV-B51R_NFS02A00",NA,1,"Manual Review | 20 m",FALSE,"Manual Accept |"
"1BSSF044.86","VAV-B38R_SSF01A00",NA,2,"Manual Review | 20 m",FALSE,"Manual Accept | station on SF Shenandoah River"
"1BSSF046.67","VAV-B38R_SSF01A00",NA,1,"Manual Review | 80 m",FALSE,"Manual Accept |"
"1BGPC001.23","VAV-B47R_GPC01A00",NA,1,"Manual Review | 20 m",FALSE,"Manual Accept |"
"1BBRY001.78","VAV-B18R_BRY02A00",NA,2,"Manual Review | 40 m",FALSE,"Manual Accept |"
"1BNFS016.55",NA,NA,1,"Manual Review | 20 m",FALSE,"Manual Accept | Do not use for assessment, Shenandoah Algae collection in response to citizen complaint"
"2-RAM002.89","VAV-I29R_RAM01A00",NA,1,"Manual Review | 20 m",FALSE,"Manual Accept |"
"2-MIS002.23","VAV-I35R_MIS01A00",NA,1,"Manual Review | 20 m",FALSE,"Manual Accept | sampled in response to pollution incident, this station was a control, upstream of the incident"
"2-MIS002.21",NA,NA,1,"Manual Review | 20 m",FALSE,"Manual Accept | do not use for assessments, sampled downstream of a pollution incident, PREP sample"
"1BMFT006.24","VAV-B13R_MFT01A00",NA,2,"Manual Review | 60 m",FALSE,"Manual Accept | Moffett Creek BIO Station"
"1BLEW008.12","VAV-B12R_LEW01A00",NA,1,"Manual Review | 20 m",FALSE,"Manual Accept |"
"1BLEW008.26","VAV-B12R_LEW01A00",NA,1,"Manual Review | 20 m",FALSE,"Manual Accept |"
"1BLEW009.32","VAV-B12R_LEW01A00",NA,1,"Manual Review | 20 m",FALSE,"Manual Accept |"
"2-POT038.71","VAW-I10R_POT04B14",NA,1,"Manual Review | 20 m",FALSE,"Manual Accept |"
"2AZAM000.86","VAW-I19R_ZZZ02A14",NA,1,"Manual Review | 20 m",FALSE,"Manual Accept | AU split needed"
"2AJMS334.47","VAW-I18R_JMS01A00",NA,1,"Manual Review | 40 m",FALSE,"Manual Accept |"
"2-JMS330.77","VAW-I24R_JMS01A00",NA,1,"Manual Review | 20 m",FALSE,"Manual Accept |"
"2-JMS330.79","VAW-I24R_JMS01A00",NA,1,"Manual Review | 40 m",FALSE,"Manual Accept |"
"2-YST001.58","VAW-I27R_YST01A02",NA,1,"Manual Review | 20 m",FALSE,"Manual Accept |"
"2-SPO002.00","VAW-I17R_SPO01A08","VAW-I17R_SPO001A08",1,"Manual Review | 20 m",FALSE,"Manual Accept | Station matches AU, but may need to rename AU as the station appears to be on North Branch Simpson Cr. |Manual Accept | Checked in CEDS and AU, 3-letter station code are good to go!"
"2-SPN005.08","VAW-I17R_SPN02A08",NA,1,"Manual Review | 20 m",FALSE,"Manual Accept |"
"9-XLY000.95","VAW-N22R_ZZZ01A00",NA,1,"Manual Review | No connections within 80 m",FALSE,"Manual Accept | Need to create stream line and named AU in GIS/CEDSWQA"
"9-SRL000.12","VAW-N22R_SRL01A02",NA,1,"Manual Review | 20 m",FALSE,"Manual Accept |"
"9-PTY001.72","VAW-N22R_PTY02A00",NA,1,"Manual Review | 20 m",FALSE,"Manual Accept |"
"9-NEW056.72","VAW-N23R_NEW01A00",NA,1,"Manual Review | 20 m",FALSE,"Manual Accept |"
"9-NEW051.66","VAW-N24R_NEW03A00",NA,1,"Manual Review | 20 m",FALSE,"Manual Accept |"
"9-SNK013.84","VAW-N23R_SNK02A00",NA,1,"Manual Review | 20 m",FALSE,"Manual Accept |"
"9-RHC001.17","VAW-N34R_RHC01A00",NA,1,"Manual Review | 20 m",FALSE,"Manual Accept |"
"9-LWK023.25","VAW-N27R_LWK02A02",NA,1,"Manual Review | 20 m",FALSE,"Manual Accept |"
"4ABRY000.05","VAW-L52R_BRY02A00","VAW-L52R_BRY01A00",1,"Manual Review | No connections within 80 m",FALSE,"Manual Accept | Station only sampled once Jan. 2020 and then BRY data collected at new station 4ABRY000.42. | Manual Accept | Old Station ID 4ABRY000.05 (sampled Jan 2020). New Station ID 4ABRY000.42 (sampled Feb 2020 - present)"
"4AROA140.86","VAW-L52R_BRY02A00","VAW-L13L_ROA01A18",1,"Manual Review | No connections within 80 m",FALSE,"Manual Accept | Station only sampled once Jan. 2020 and then BRY data collected at new station 4ABRY000.42."
"4ABRY000.42","VAW-L52R_BRY01A00",NA,1,"Manual Review | 20 m",FALSE,"Manual Accept | Old Station ID 4ABRY000.05 (sampled Jan 2020). New Station ID 4ABRY000.42 (sampled Feb 2020 - present)"
"4AMAY018.17","VAW-L48R_FCR01A16",NA,1,"Manual Review | No connections within 80 m",FALSE,"Manual Accept | Station in NC (not assessed)."
"4AMWP000.75","VAW-L42R_RMC01A02",NA,1,"Manual Review | 20 m",FALSE,"Manual Accept | Needs AU split"
"4ACAN000.80","VAW-L60R_CAN1A02",NA,2,"Manual Review | 80 m",FALSE,"Manual Accept | VAW-L60R_CAN1A02"
"4APKP002.31","VAW-L60R_PKP01A06",NA,1,"Manual Review | 40 m",FALSE,"Manual Accept |"
"4APCC002.19","VAW-L51R_ZZZ02A02",NA,1,"Manual Review | 20 m",FALSE,"Manual Accept | Need to create AU for PCC"
"4ASRE066.06","VAW-L51R_SRE07A00",NA,1,"Manual Review | 20 m",FALSE,"Manual Accept |"
"4AROA224.54","VAW-L03R_ROA05A00",NA,1,"Manual Review | 60 m",FALSE,"Manual Accept |"
"4AROA217.38","VAW-L03R_ROA03A00",NA,1,"Manual Review | 20 m",FALSE,"Manual Accept |"
"4AROA218.11","VAW-L03R_ROA03A00",NA,1,"Manual Review | 20 m",FALSE,"Manual Accept |"
"4AROA219.08","VAW-L03R_ROA04A00",NA,1,"Manual Review | 20 m",FALSE,"Manual Accept |"
"4AROA215.13","VAW-L03R_ROA03A00",NA,1,"Manual Review | 20 m",FALSE,"Manual Accept |"
"4AROA212.17","VAW-L03R_ROA02A00",NA,1,"Manual Review | 40 m",FALSE,"Manual Accept |"
"9-CPL001.03","VAS-N09R_CPL01B04",NA,1,"Manual Review | 20 m",FALSE,"Manual Accept |"
"9-XES000.94","VAS-N11R_XES01A10",NA,1,"Manual Review | 20 m",FALSE,"Manual Accept |"
"9-CVR004.86","VAS-N12R_CVR01A00",NA,1,"Manual Review | 20 m",FALSE,"Manual Accept |"
"9-WLK059.64","VAS-N25R_WLK04B12",NA,1,"Manual Review | 20 m",FALSE,"Manual Accept |"
"9-HCC000.29","VAS-N31R_HCC01A00",NA,1,"Manual Review | 20 m",FALSE,"Manual Accept |"
"9-BST073.52","VAS-N36R_BST05A02",NA,1,"Manual Review | 20 m",FALSE,"Manual Accept |"
"9-BST069.82","VAS-N36R_BST04A02",NA,1,"Manual Review | 20 m",FALSE,"Manual Accept |"
"9-BST069.09","VAS-N36R_BST04A02",NA,1,"Manual Review | 20 m",FALSE,"Manual Accept |"
"9-BST078.92","VAS-N36R_BST03A00",NA,2,"Manual Review | 20 m",FALSE,"Manual Accept |"
"9-BPB003.88","VAS-N36R_BST03A00",NA,1,"Manual Review | No connections within 80 m",FALSE,"Manual Accept |"
"6CHIL000.42","VAS-O13R_HIL01A08",NA,1,"Manual Review | 20 m",FALSE,"Manual Accept |"
"6CWOL000.04","VAS-O11R_WOL01A02",NA,1,"Manual Review | 60 m",FALSE,"Manual Accept |"
"6CBRU006.73","VAS-O11R_BRU01A00",NA,1,"Manual Review | 40 m",FALSE,"Manual Accept |"
"6CHUN006.54","VAS-O04R_HUN02B04",NA,1,"Manual Review | 20 m",FALSE,"Manual Accept |"
"6CTUM000.12","VAS-O11R_TUM01A00",NA,1,"Manual Review | 20 m",FALSE,"Manual Accept |"
"6CLAE001.68","VAS-O10R_LAE02A02",NA,1,"Manual Review | 20 m",FALSE,"Manual Accept |"
"6CSGT000.39","VAS-O02R_SGT02A04",NA,1,"Manual Review | 20 m",FALSE,"Manual Accept |"
"6CLAL001.21","VAS-O02R_LAL01A04",NA,1,"Manual Review | 20 m",FALSE,"Manual Accept |"
"6CSFH093.01","VAS-O02R_SFH01B02",NA,1,"Manual Review | 20 m",FALSE,"Manual Accept |"
"6CSFH096.96","VAS-O01R_SFH01A00",NA,1,"Manual Review | 20 m",FALSE,"Manual Accept |"
"6CSFH101.81","VAS-O01R_SFH01A00",NA,1,"Manual Review | 20 m",FALSE,"Manual Accept |"
"6CSFH103.67","VAS-O01R_SFH02A00",NA,1,"Manual Review | 20 m",FALSE,"Manual Accept |"
"6CWLC000.79","VAS-O02R_WLC01A06",NA,2,"Manual Review | 80 m",FALSE,"Manual Accept |"
"6BPLU002.15","VAS-P01R_PLU01A04",NA,1,"Manual Review | 20 m",FALSE,"Manual Accept |"
"6BLOW000.30","VAS-P02R_LOW01A10",NA,1,"Manual Review | 40 m",FALSE,"Manual Accept |"
"6BIDI002.45","VAS-P02R_IDI01A00",NA,1,"Manual Review | 20 m",FALSE,"Manual Accept |"
"6BLTR025.45","VAS-P05R_LTR03A10",NA,1,"Manual Review | 20 m",FALSE,"Manual Accept |"
"6BLUC000.73","VAS-P05R_LUC01A10",NA,1,"Manual Review | 20 m",FALSE,"Manual Accept |"
"6BCOP050.15","VAS-P14R_COP02B08",NA,1,"Manual Review | 20 m",FALSE,"Manual Accept |"
"6BJAY001.47","VAS-P11R_JAY01A02",NA,1,"Manual Review | 20 m",FALSE,"Manual Accept |"
"6BSNY001.98","VAS-P12R_SNY01A04",NA,1,"Manual Review | 20 m",FALSE,"Manual Accept |"
"6BCOV002.02","VAS-P13R_COV01B08",NA,1,"Manual Review | 20 m",FALSE,"Manual Accept |"
"6BPLL006.50","VAS-P18R_PLL02A00",NA,1,"Manual Review | 40 m",FALSE,"Manual Accept |"
"6BPLL004.40","VAS-P18R_PLL01A02",NA,1,"Manual Review | 20 m",FALSE,"Manual Accept |"
"6BPLL000.27","VAS-P18R_PLL01A98",NA,1,"Manual Review | 20 m",FALSE,"Manual Accept |"
"6BPIG001.58","VAS-P17R_PIG01A06",NA,1,"Manual Review | 60 m",FALSE,"Manual Accept |"
"6BLOC001.05","VAS-P17R_LOC01A12",NA,1,"Manual Review | 20 m",FALSE,"Manual Accept |"
"6BPOT001.38","VAS-P17R_POT01A14",NA,1,"Manual Review | 40 m",FALSE,"Manual Accept |"
"6BCOP002.00","VAS-P14R_COP01A02",NA,2,"Manual Review | 60 m",FALSE,"Manual Accept |"
"6BCLN211.93","VAS-P13R_CLN02A02",NA,1,"Manual Review | 20 m",FALSE,"Manual Accept |"
"6BDBR004.90","VAS-P21R_DBR01A02",NA,1,"Manual Review | 20 m",FALSE,"Manual Accept |"
"6BMTN003.56","VAS-P23R_MTN01A00",NA,1,"Manual Review | 20 m",FALSE,"Manual Accept |"
"6BSHL000.02","VAS-P13R_CLN01A02",NA,1,"Manual Review | No connections within 80 m",FALSE,"Manual Accept |"
"6BWAR000.04","VAS-P13R_CLN01A02",NA,1,"Manual Review | No connections within 80 m",FALSE,"Manual Accept |"
"6BBWC000.16","VAS-P16R_BKW01A02",NA,1,"Manual Review | No connections within 80 m",FALSE,"Manual Accept |"
"6BNFC000.11","VAS-P15R_NFC01C02",NA,1,"Manual Review | No connections within 80 m",FALSE,"Manual Accept |"
"6ABIP000.65","VAS-Q06R_BIP01A98",NA,1,"Manual Review | 40 m",FALSE,"Manual Accept |"
"6AHME008.51","VAS-Q08R_HME01B14",NA,1,"Manual Review | 20 m",FALSE,"Manual Accept |"
"6ASLI000.06","VAS-Q08R_SLB01A14",NA,1,"Manual Review | No connections within 80 m",FALSE,"Manual Accept | Station in KY"
"6ACNW003.48","VAS-Q08R_CNW02A14",NA,1,"Manual Review | 20 m",FALSE,"Manual Accept |"
"6ACNR019.47","VAS-Q14R_CNR01A00",NA,1,"Manual Review | 20 m",FALSE,"Manual Accept |"
"6AHLY001.67","VAS-Q14R_HLY01A04",NA,1,"Manual Review | 20 m",FALSE,"Manual Accept |"
"6AIAC000.42","VAS-Q13R_IAC01A10",NA,1,"Manual Review | 60 m",FALSE,"Manual Accept |"
"4BPAU015.46","VAS-M02R_PAU02A02",NA,1,"Manual Review | 40 m",FALSE,"Manual Accept |"
"4AROB001.36","VAW-L75R_ZZZ01H14",NA,1,"Manual Review | 20 m",FALSE,"Manual Accept | Need AU split"
"4ARAC002.09","VAW-L38R_ZZZ01A00",NA,1,"Manual Review | 20 m",FALSE,"Manual Accept | Need AU split"
"4ABHP001.78","VAW-L19R_ZZZ01C14",NA,1,"Manual Review | 20 m",FALSE,"Manual Accept | Need AU split"
"4AROA128.98","VAW-L19R_ROA01A00",NA,1,"Manual Review | 20 m",FALSE,"Manual Accept |"
"4AHCR001.11","VAW-L30R_ZZZ01E14",NA,1,"Manual Review | 20 m",FALSE,"Manual Accept | Need AU split"
"1AQUA004.35","VAN-A26R_QUA01A00",NA,1,"Manual Review | 20 m",FALSE,"Manual Accept | FKA 1AQUA004.14"
"1AXLN000.27","VAN-A27R_ZZZ56A00",NA,1,"Manual Review | 20 m",FALSE,"Manual Accept |"
"1ABRU037.52","VAN-A19R_ZZZ31A00",NA,1,"Manual Review | 20 m",FALSE,"Manual Accept |"
"1ASID001.35","VAN-A16R_SID01A02",NA,1,"Manual Review | 40 m",FALSE,"Manual Accept |"
"1ADOG002.77","VAN-A07R_ZZZ11A00",NA,1,"Manual Review | 20 m",FALSE,"Manual Accept |"
"3-THW000.55","VAN-E01R_THW01A02",NA,1,"Manual Review | 20 m",FALSE,"Manual Accept |"
"3-COV005.20","VAN-E05R_COV01A02",NA,1,"Manual Review | 20 m",FALSE,"Manual Accept |"
"3-DPR005.43","VAN-E10R_DPR02A02",NA,1,"Manual Review | 20 m",FALSE,"Manual Accept |"
"3-ROE002.83","VAN-E14R_ROE02A06","VAN-E14R_ZZZ31A00",2,"Manual Review | 20 m",FALSE,"Manual Accept |"
"3-GLL000.20","VAN-E21R_GLL01A08",NA,1,"Manual Review | 20 m",FALSE,"Manual Accept |"
"3-MTR008.83","VAN-E17R_MTR01A00",NA,1,"Manual Review | 20 m",FALSE,"Manual Accept |"
"3-CAB000.22","VAN-E16R_ZZZ38A00",NA,1,"Manual Review | 40 m",FALSE,"Manual Accept |"
"3-CAB002.23","VAN-E16R_ZZZ38A00",NA,1,"Manual Review | 20 m",FALSE,"Manual Accept |"
"8-BRY000.47","VAN-F07R_BRY01A06",NA,1,"Manual Review | 20 m",FALSE,"Manual Accept |"
"8-PLT004.82","VAN-F07R_PLT01A00",NA,1,"Manual Review | 60 m",FALSE,"Manual Accept |"
"8-POR007.39","VAN-F16R_POR01B02",NA,1,"Manual Review | 20 m",FALSE,"Manual Accept |"
"3-COO000.04","VAN-E15R_COO01A04",NA,1,"Manual Review | 20 m",FALSE,"Manual Accept |"
"3-BDA000.93","VAN-E15R_ZZZ34A00",NA,1,"Manual Review | 40 m",FALSE,"Manual Accept |"
"4AXWM001.49","VAW-L30R_ZZZ01B14",NA,1,"Manual Review | 40 m",FALSE,"Manual Accept | Needs AU split"
"4AROA107.97","VAW-L30R_ROA06A00",NA,1,"Manual Review | 60 m",FALSE,"Manual Accept |"
"4ABAN001.86","VAW-L71R_BAN06A08",NA,1,"Manual Review | 40 m",FALSE,"Manual Accept |"
"4AGIB000.26","VAW-L71R_GIB01A08",NA,1,"Manual Review | 40 m",FALSE,"Manual Accept |"
"4ASRA001.29","VAW-L81R_ZZZ01B14",NA,1,"Manual Review | 20 m",FALSE,"Manual Accept | Needs AU split"
"4ATKR002.26","VAW-L05R_TKR01A00",NA,1,"Manual Review | 20 m",FALSE,"Manual Accept |"
"4AROA206.95","VAW-L04R_ROA07A00",NA,1,"Manual Review | 60 m",FALSE,"Manual Accept |"
"9-XLX000.45","VAS-N30R_ZZZ01A00",NA,1,"Manual Review | 20 m",FALSE,"Manual Accept |"
"9-LWL000.98","VAS-N02R_ZZZ01A00",NA,1,"Manual Review | 20 m",FALSE,"Manual Accept |"
"9-BUH003.23","VAS-N04R_ZZZ03A00",NA,1,"Manual Review | 20 m",FALSE,"Manual Accept |"
"9-CEF002.79","VAS-N06R_ZZZ03B00",NA,1,"Manual Review | 20 m",FALSE,"Manual Accept |"
"9-XBB000.86","VAS-N15R_LEF01A02",NA,1,"Manual Review | 20 m",FALSE,"Manual Accept |"
"6ABCP001.40","VAS-Q13R_ZZZ02A00",NA,3,"Manual Review | 20 m",FALSE,"Manual Accept |"
"6ALIA000.07","VAS-Q14R_ZZZ03A00",NA,1,"Manual Review | 20 m",FALSE,"Manual Accept |"
"6ABBG000.02","VAS-Q11R_ZZZ04A00",NA,1,"Manual Review | 20 m",FALSE,"Manual Accept |"
"6AHRC02.24","VAS-Q09R_ZZZ01A00",NA,1,"Manual Review | 20 m",FALSE,"Manual Accept |"
"6AGRE000.19","VAS-Q13R_ZZZ03A00",NA,1,"Manual Review | 20 m",FALSE,"Manual Accept |"
"6CXAN000.89","VAS-O06R_ZZZ01A00",NA,1,"Manual Review | 40 m",FALSE,"Manual Accept |"
"6CBRY000.78","VAS-O11R_ZZZ05A00",NA,1,"Manual Review | 20 m",FALSE,"Manual Accept |"
"8-CRC000.95","VAN-F07L_NAR04A06",NA,1,"Manual Review | NA",FALSE,"Manual Accept |"
"8-NAR050.90","VAN-F07L_NAR03A02",NA,1,"Manual Review | NA",FALSE,"Manual Accept |"
"8-DSR000.00","VAN-F07L_NAR02A02",NA,1,"Manual Review | NA",FALSE,"Manual Accept |"
"8-XKE000.28","VAN-F07L_NAR02A02",NA,1,"Manual Review | NA",FALSE,"Manual Accept |"
"8-DUK000.64","VAN-F07L_NAR02A02",NA,1,"Manual Review | NA",FALSE,"Manual Accept |"
"8-XKD000.50","VAN-F07L_NAR01A02",NA,1,"Manual Review | NA",FALSE,"Manual Accept |"
"2-NTR004.77","VAP-G05R_NTR02A06",NA,1,"Manual Review | 20 m",FALSE,"Manual Accept |"
"2-UPM008.76","VAP-G05R_UPM01A02",NA,1,"Manual Review | 20 m",FALSE,"Manual Accept |"
"2-UPM005.26","VAP-G05R_UPM01A02",NA,1,"Manual Review | 20 m",FALSE,"Manual Accept |"
"2-UPM000.26","VAP-G05R_UPM01A02",NA,1,"Manual Review | 20 m",FALSE,"Manual Accept |"
"2-HRN001.16","VAP-G06R_HRN01A02",NA,1,"Manual Review | 40 m",FALSE,"Manual Accept |"
"2CXBG000.02","VAP-G01R_XBG01A14",NA,1,"Manual Review | 20 m",FALSE,"Manual Accept |"
"2-GRK003.34","VAP-G01R_GRK01A12",NA,1,"Manual Review | 20 m",FALSE,"Manual Accept |"
"2-PHC000.46","VAP-G03R_PHC01A00",NA,1,"Manual Review | 20 m",FALSE,"Manual Accept |"
"2-PWL005.73","VAP-G03R_PWL01A04",NA,1,"Manual Review | 20 m",FALSE,"Manual Accept |"
"2-BLB001.19","VAP-G04R_BLB01A06",NA,1,"Manual Review | 20 m",FALSE,"Manual Accept |"
"2CXAK002.09","VAP-G09R_ZZZ01A00",NA,1,"Manual Review | 20 m",FALSE,"Manual Accept |"
"2-DRK000.30","VAP-G10R_DRK01A14","VAP-G10R_ZZZ01B14",2,"Manual Review | 20 m",FALSE,"Manual Accept |"
"2BXBC000.32","VAP-J02R_ZZZ01A00",NA,1,"Manual Review | 20 m",FALSE,"Manual Accept |"
"2-HRP000.42","VAP-J06R_HRP01A00",NA,2,"Manual Review | 20 m",FALSE,"Manual Accept |"
"2-HRP000.35","VAP-J06R_HRP01A00",NA,1,"Manual Review | 20 m",FALSE,"Manual Accept |"
"2DRCE002.44","VAP-J04R_RCE01A12",NA,2,"Manual Review | 20 m",FALSE,"Manual Accept |"
"2-BRI004.01","VAP-J05R_BRI01A98",NA,1,"Manual Review | 20 m",FALSE,"Manual Accept |"
"2-SLT036.92","VAP-H21R_SLT03A08",NA,1,"Manual Review | 20 m",FALSE,"Manual Accept |"
"2-NTH001.65","VAP-H21R_NTH01A00",NA,1,"Manual Review | 20 m",FALSE,"Manual Accept |"
"2-TBM000.80","VAP-H21R_TBM01A00",NA,1,"Manual Review | 20 m",FALSE,"Manual Accept |"
"2-BRC001.55","VAP-H36L_BRC01A06",NA,1,"Manual Review | 80 m",FALSE,"Manual Accept |"
"2-RND000.32","VAP-H36R_RND02A06",NA,1,"Manual Review | 20 m",FALSE,"Manual Accept |"
"2BJMS154.01","VAP-H33R_JMS01A98",NA,1,"Manual Review | 20 m",FALSE,"Manual Accept |"
"2-JMS152.40","VAP-H33R_JMS01A98",NA,1,"Manual Review | 20 m",FALSE,"Manual Accept |"
"2-LIH005.28","VAP-H37R_BLG01A98",NA,1,"Manual Review | 20 m",FALSE,"Manual Accept |"
"2-BLG006.41","VAP-H37R_BLG01A98",NA,1,"Manual Review | 20 m",FALSE,"Manual Accept |"
"2-JMS166.50","VAP-H33R_JMS01A98",NA,1,"Manual Review | 20 m",FALSE,"Manual Accept |"
"2-LLE000.48","VAP-H39R_LLE01A18",NA,1,"Manual Review | 20 m",FALSE,"Manual Accept |"
"2-GEN001.75","VAP-H39R_GEN01A00",NA,1,"Manual Review | 40 m",FALSE,"Manual Accept |"
"2-SNJ001.88","VAP-H39R_SNJ01A04","VAP-H39R_XYT01A08",2,"Manual Review | 40 m",FALSE,"Manual Accept |"
"2-JOH004.04","VAP-H39R_JOH01A08",NA,1,"Manual Review | 20 m",FALSE,"Manual Accept |"
"2-WTN001.23","VAP-H21R_WTN01A08",NA,1,"Manual Review | 40 m",FALSE,"Manual Accept |"
"2-PWT001.97","VAP-H39R_PWT01A98",NA,1,"Manual Review | 40 m",FALSE,"Manual Accept |"
"2BXBH000.12","VAP-H39R_XBH01A14",NA,1,"Manual Review | 20 m",FALSE,"Manual Accept |"
"2DAPP078.90","VAP-J07R_APP01A98",NA,1,"Manual Review | 20 m",FALSE,"Manual Accept |"
"2-BWD000.50","VAP-J07R_BWD01A00",NA,1,"Manual Review | 20 m",FALSE,"Manual Accept |"
"2-SFT025.32","VAP-J17R_SFT02A00",NA,1,"Manual Review | 40 m",FALSE,"Manual Accept |"
"2-BVP010.04","VAP-J11R_BVP01A00",NA,1,"Manual Review | 20 m",FALSE,"Manual Accept |"
"1ACOW000.38","VAP-A31R_MAO01A98",NA,1,"Manual Review | 20 m",FALSE,"Manual Accept |"
"1APIN003.08","VAP-A31R_PIN01A00",NA,1,"Manual Review | 20 m",FALSE,"Manual Accept |"
"1AMRC004.04","VAP-A31R_MRC01A98",NA,1,"Manual Review | 20 m",FALSE,"Manual Accept |"
"1AMRC003.74","VAP-A31R_MRC01A98",NA,1,"Manual Review | 20 m",FALSE,"Manual Accept |"
"1ACAS000.50","VAP-A31R_CAS01A00",NA,1,"Manual Review | 20 m",FALSE,"Manual Accept |"
"1ALOG003.47","VAP-A33R_LOG01A04",NA,1,"Manual Review | 20 m",FALSE,"Manual Accept |"
"1AOLD000.76","VAP-A32R_OLD01A14",NA,1,"Manual Review | 20 m",FALSE,"Manual Accept |"
"2-XEM001.19","VAP-J14R_ZZZ01A14",NA,1,"Manual Review | 20 m",FALSE,"Manual Accept |"
"2-RHC000.58","VAP-J15R_RHC01A06",NA,1,"Manual Review | 20 m",FALSE,"Manual Accept |"
"2-SFT005.57","VAP-J17R_SFT01C98",NA,1,"Manual Review | 20 m",FALSE,"Manual Accept |"
"2-CCR001.28","VAP-J15R_ZZZ02A02",NA,1,"Manual Review | 20 m",FALSE,"Manual Accept |"
"2-SFT004.92","VAP-J17R_SFT01C98",NA,1,"Manual Review | 40 m",FALSE,"Manual Accept |"
"3-BLK002.54","VAP-E22R_OCC01B06",NA,1,"Manual Review | 40 m",FALSE,"Manual Accept |"
"3-BNC000.92","VAP-E23R_BNC01A04","VAP-E23R_ZZZ02A14",2,"Manual Review | 20 m",FALSE,"Manual Accept |"
"3-MAY001.47","VAP-E24R_MAY01A12",NA,1,"Manual Review | 20 m",FALSE,"Manual Accept |"
"3-PIS000.70","VAP-E23R_XFM01A04",NA,1,"Manual Review | 20 m",FALSE,"Manual Accept |"
"2DAPP019.97","VAP-J14L_APP01A00",NA,1,"Manual Review | NA",FALSE,"Manual Accept |"
"2DAPP007.25","VAP-J15E_APP01A98",NA,1,"Manual Review | NA",FALSE,"Manual Accept |"
"2DAPP005.53","VAP-J15E_APP02B12",NA,1,"Manual Review | NA",FALSE,"Manual Accept |"
"7-TIM002.30","VAP-C02R_TIM01A06",NA,1,"Manual Review | 20 m",FALSE,"Manual Accept |"
"7-BRE000.77","VAP-C02R_BRE01A04",NA,1,"Manual Review | 40 m",FALSE,"Manual Accept |"
"7-FOX002.49","VAP-C05R_FOX01A00",NA,1,"Manual Review | 20 m",FALSE,"Manual Accept |"
"7-XFH000.08","VAP-C04E_QUE02A12",NA,1,"Manual Review | No connections within 80 m",FALSE,"Manual Accept |"
"7-MOD002.50","VAP-C06E_MNC01B18",NA,1,"Manual Review | 20 m",FALSE,"Manual Accept |"
"8-MIL001.19","VAP-F24R_MIL01A00",NA,1,"Manual Review | 20 m",FALSE,"Manual Accept |"
"8-XIW000.55","VAP-F13R_XIW01A12",NA,1,"Manual Review | 20 m",FALSE,"Manual Accept |"
"8-CMC005.23","VAP-F14R_CMC01A00",NA,1,"Manual Review | 20 m",FALSE,"Manual Accept |"
"8-SLD000.06","VAP-F12R_SLD01A04",NA,1,"Manual Review | 20 m",FALSE,"Manual Accept |"
"8-NAR027.32","VAP-F09R_NAR04B08",NA,1,"Manual Review | 60 m",FALSE,"Manual Accept |"
"2-MOH001.73","VAP-H38R_MOH01A12",NA,2,"Manual Review | 40 m",FALSE,"Manual Accept |"
"2-SLT030.19","VAP-H21R_SLT02B12",NA,2,"Manual Review | 20 m",FALSE,"Manual Accept |"
"7-BEA001.55","VAP-C05R_BEA01A06",NA,2,"Manual Review | 20 m",FALSE,"Manual Accept |"
"8-SLN001.46","VAP-F13R_SLN01A00",NA,2,"Manual Review | 40 m",FALSE,"Manual Accept |"
"8-MCP005.64","VAP-F12R_MCP01A94",NA,3,"Manual Review | 20 m",FALSE,"Manual Accept |"
"5AXIW000.01","VAP-K01R_FNY01A08",NA,1,"Manual Review | 20 m",FALSE,"Manual Accept |"
"5ANMR007.90","VAP-K02R_NMR02B04",NA,1,"Manual Review | 20 m",FALSE,"Manual Accept |"
"5AMHN082.76","VAP-K05R_MHN01B98",NA,1,"Manual Review | 40 m",FALSE,"Manual Accept |"
"5AMHN080.40","VAP-K05R_MHN02B98",NA,1,"Manual Review | 20 m",FALSE,"Manual Accept |"
"5ARSE001.22","VAP-K07R_RSE01A96",NA,1,"Manual Review | 20 m",FALSE,"Manual Accept |"
"5ARYR000.62","VAP-K07R_RYR01A08",NA,1,"Manual Review | 20 m",FALSE,"Manual Accept |"
"5ARSE009.87","VAP-K07R_RSE01B10",NA,1,"Manual Review | 20 m",FALSE,"Manual Accept |"
"5ACABR000.64","VAP-K09R_ZZZ01A14",NA,1,"Manual Review | 20 m",FALSE,"Manual Accept |"
"5AXEJ001.86","VAP-K19R_XEJ01A04",NA,1,"Manual Review | 20 m",FALSE,"Manual Accept |"
"5AXHY001.08","VAP-K19R_XHY01A12",NA,1,"Manual Review | 40 m",FALSE,"Manual Accept |"
"5ASAP007.05","VAP-K22R_SAP01A00",NA,1,"Manual Review | 20 m",FALSE,"Manual Accept |"
"5ABBS001.35","VAP-K21R_ZZZ01B14",NA,1,"Manual Review | 20 m",FALSE,"Manual Accept |"
"5AWRN000.46","VAP-K23R_WRN01A18",NA,1,"Manual Review | 20 m",FALSE,"Manual Accept |"
"5AGRV001.59","VAP-K23R_ROW01A98",NA,1,"Manual Review | 20 m",FALSE,"Manual Accept |"
"5AXHAT000.40","VAP-K23R_ROW01A98",NA,1,"Manual Review | 20 m",FALSE,"Manual Accept |"
"5AFNY004.54","VAP-K01R_FNY01A08",NA,1,"Manual Review | 20 m",FALSE,"Manual Accept |"
"5AMRN000.38","VAP-K29R_MRN01A12",NA,1,"Manual Review | 40 m",FALSE,"Manual Accept |"
"5AASM003.00","VAP-K29R_ASM02A98",NA,1,"Manual Review | 20 m",FALSE,"Manual Accept |"
"5APRK000.40","VAP-K24R_ZZZ01B14",NA,1,"Manual Review | 20 m",FALSE,"Manual Accept |"
"5AXSRE000.13","VAP-K29R_ZZZ01B14",NA,1,"Manual Review | 20 m",FALSE,"Manual Accept |"
"5ASRE004.17","VAP-K29R_SRE01A02",NA,1,"Manual Review | 20 m",FALSE,"Manual Accept |"
"5AIVY001.37","VAP-K29R_IVY01A10",NA,1,"Manual Review | 80 m",FALSE,"Manual Accept |"
"5ADBS002.75","VAP-K23R_NBT01A98",NA,1,"Manual Review | 20 m",FALSE,"Manual Accept |"
"5AJOE003.92","VAP-K23R_JOE01A10",NA,1,"Manual Review | 20 m",FALSE,"Manual Accept |"
"5AJOE007.60","VAP-K23R_NBT01A98",NA,1,"Manual Review | 20 m",FALSE,"Manual Accept |"
"5ACPH002.59","VAP-K32R_ZZZ01C14",NA,1,"Manual Review | 40 m",FALSE,"Manual Accept |"
"5ASRN000.66","VAP-K32R_SRN01A94",NA,1,"Manual Review | 60 m",FALSE,"Manual Accept |"
"5AXFM000.88","VAP-K32R_XFM01A08",NA,1,"Manual Review | 20 m",FALSE,"Manual Accept |"
"5AOTR008.07","VAP-K32R_OTR01A98",NA,1,"Manual Review | 20 m",FALSE,"Manual Accept |"
"5AOTR000.88","VAP-K32R_OTR01A98",NA,1,"Manual Review | 20 m",FALSE,"Manual Accept |"
"7-BEA002.82","VAP-C05L_BEA01A06",NA,1,"Manual Review | NA",FALSE,"Manual Accept |"
"7-BEA005.82","VAP-C05L_BEA01A06",NA,1,"Manual Review | NA",FALSE,"Manual Accept |"
"2CJMS065.19","VAP-G04E_JMS01A02",NA,1,"Manual Review | NA",FALSE,"Manual Accept |"
"2-XQW001.18","VAP-G02E_XQW01A08",NA,1,"Manual Review | NA",FALSE,"Manual Accept |"
"3-RPP001.36","VAP-E25E_RPP02A02",NA,1,"Manual Review | NA",FALSE,"Manual Accept |"
"3-DUN000.08","VAP-E26E_CEB01A00",NA,1,"Manual Review | NA",FALSE,"Manual Accept |"
"3-CRR000.40","VAP-E26E_CRR01A00",NA,1,"Manual Review | NA",FALSE,"Manual Accept |"
"3-CTO000.13","VAP-E26E_CTO02A06",NA,1,"Manual Review | NA",FALSE,"Manual Accept |"
"3-LAN006.35","VAP-E25E_LAN01A98",NA,1,"Manual Review | NA",FALSE,"Manual Accept |"
"3-RPP044.06","VAP-E22E_RPP05A02",NA,1,"Manual Review | NA",FALSE,"Manual Accept |"
"3-FAR000.20","VAP-E22E_ZZZ01A06",NA,1,"Manual Review | NA",FALSE,"Manual Accept |"
"3-RPP054.42","VAP-E22E_RPP02B16",NA,1,"Manual Review | NA",FALSE,"Manual Accept |"
"7-OLD000.56","VAP-C05E_OLD01A12",NA,1,"Manual Review | NA",FALSE,"Manual Accept |"
"7-PUT000.26","VAP-C04E_PUT01C10",NA,1,"Manual Review | NA",FALSE,"Manual Accept |"
"7-EST003.82","VAP-C04E_EST02A00",NA,1,"Manual Review | NA",FALSE,"Manual Accept |"
"7-MLF000.52","VAP-C04E_MLF03A00",NA,1,"Manual Review | NA",FALSE,"Manual Accept |"
"7-MLF004.23","VAP-C04E_MLF04A06",NA,1,"Manual Review | NA",FALSE,"Manual Accept |"
"7-PNK003.72","VAP-C03E_PNK04C06",NA,1,"Manual Review | NA",FALSE,"Manual Accept |"
"7-GWR008.41","VAP-C01E_GWR01A98",NA,1,"Manual Review | NA",FALSE,"Manual Accept |"
"7-BAR000.87","VAP-C01E_BAR01A98",NA,1,"Manual Review | NA",FALSE,"Manual Accept |"
"7-GWR001.68","VAP-C01E_GWR03A06",NA,1,"Manual Review | NA",FALSE,"Manual Accept |"
"1ABRI000.43","VAP-A34E_ZZZ02A20",NA,1,"Manual Review | NA",FALSE,"Manual Accept |"
"8-MPN020.73","VAP-F24E_MPN03A98",NA,1,"Manual Review | NA",FALSE,"Manual Accept |"
"8-PMK028.43","VAP-F14E_PMK02A00",NA,1,"Manual Review | NA",FALSE,"Manual Accept |"
"8-CMC001.00","VAP-F14E_CMC01A06",NA,1,"Manual Review | NA",FALSE,"Manual Accept |"
"8-PMK009.34","VAP-F14E_PMK06A00",NA,1,"Manual Review | NA",FALSE,"Manual Accept |"
"8-BMC003.65","VAP-F25E_BMC01A08",NA,1,"Manual Review | NA",FALSE,"Manual Accept |"
"1ACOA001.44","VAP-A34E_XFI01A98",NA,1,"Manual Review | NA",FALSE,"Manual Accept |"
"1AGLE001.56","VAP-A34E_GLE03B20",NA,1,"Manual Review | NA",FALSE,"Manual Accept |"
"1ASHA001.18","VAP-A33E_SHA01A98",NA,1,"Manual Review | NA",FALSE,"Manual Accept |"
"1AGLB000.60","VAP-A32E_GLB02A08",NA,1,"Manual Review | NA",FALSE,"Manual Accept |"
"1ACRB001.52","VAP-A32E_CRB03A14",NA,1,"Manual Review | NA",FALSE,"Manual Accept |"
"1AMAO000.07","VAP-A31E_MAO02A00",NA,1,"Manual Review | NA",FALSE,"Manual Accept |"
"4ABMA000.00","VAW-L76R_BMA01A06",NA,NA,NA,NA,"Manual Accept | EVJ fix for known conventionals issue. Station data should have been moved to 4ABMA005.64"
"6BPWR000.13","VAS-P13R_PWR01A02",NA,NA,NA,NA,"Manual Accept | EVJ fix"
"9-CCR002.92","VAS-N06R_CCR01A02",NA,NA,NA,NA,"Manual Accept | EVJ fix"
"6BSTT001.76","VAS-P24R_STT01A14",NA,NA,NA,NA,"Manual Accept | EVJ fix"
"9-FXC017.18","VAS-N03R_FXC01B02",NA,NA,NA,NA,"Manual Accept | EVJ fix"
"6CWLF004.10","VAS-O06R_WLF03A06",NA,NA,NA,NA,"Manual Accept | EVJ fix"
"6CBMC004.95","VAS-O14R_BMC03A00",NA,NA,NA,NA,"Manual Accept | EVJ fix"
"9-LLK005.25","VAS-N13R_LLK01A04",NA,NA,NA,NA,"Manual Accept | EVJ fix"
"9-LLK005.44","VAS-N13R_LLK01A04",NA,NA,NA,NA,"Manual Accept | EVJ fix"
"6CGRW000.09","VAS-O05R_GRW01A02",NA,NA,NA,NA,"Manual Accept | EVJ fix"
"6CGRW002.31","VAS-O05R_GRW01A02",NA,NA,NA,NA,"Manual Accept | EVJ fix"
"6BPOW136.26","VAS-P21R_POW02A02",NA,NA,NA,NA,"Manual Accept | EVJ fix"
"6BCOP000.02","VAS-P14R_COP01A02",NA,NA,NA,NA,"Manual Accept | EVJ fix"
"6BWAL008.96","VAS-P22R_WAL03A02",NA,NA,NA,NA,"Manual Accept | EVJ fix"
"6BCLN223.40","VAS-P13R_CLN02A02",NA,NA,NA,NA,"Manual Accept | EVJ fix"
"6BGSY000.25","VAS-P14R_GSY01A10",NA,NA,NA,NA,"Manual Accept | EVJ fix"
"6BSTO000.10","VAS-P13R_STO01A00",NA,NA,NA,NA,"Manual Accept | EVJ fix"
"6BSNK001.03","VAS-P09R_SNK01A00",NA,NA,NA,NA,"Manual Accept | EVJ fix"
"6BLSR000.37","VAS-P09R_LSR01A02",NA,NA,NA,NA,"Manual Accept | EVJ fix"
"6BSUT000.44","VAS-P09R_SUT01A02",NA,NA,NA,NA,"Manual Accept | EVJ fix"
"6BSNY000.23","VAS-P12R_SNY01A04",NA,NA,NA,NA,"Manual Accept | EVJ fix"
"6BSNY005.68","VAS-P12R_SNY01A00",NA,NA,NA,NA,"Manual Accept | EVJ fix"
"6BRUS000.38","VAS-P09R_RUS01A06",NA,NA,NA,NA,"Manual Accept | EVJ fix"
"6BBUY000.01","VAS-P20R_BUY01A12",NA,NA,NA,NA,"Manual Accept | EVJ fix"
"6CNIK000.06","VAS-O03R_NIK01A02",NA,NA,NA,NA,"Manual Accept | EVJ fix"
"6BEKG010.34","VAS-P06R_EKG01A10",NA,NA,NA,NA,"Manual Accept | EVJ fix"
"6CLIB013.09","VAS-O09R_LIB02A00",NA,NA,NA,NA,"Manual Accept | EVJ fix"
"6CNFH098.96","VAS-O09R_NFH01A98",NA,NA,NA,NA,"Manual Accept | EVJ fix"
"6BIDN003.15","VAS-P05R_IDN02A10",NA,NA,NA,NA,"Manual Accept | EVJ fix"
"6BCLN276.97","VAS-P07R_CLN01A00",NA,NA,NA,NA,"Manual Accept | EVJ fix"
"6BMFC000.00","VAS-P08R_DUM01A94",NA,NA,NA,NA,"Manual Accept | EVJ fix"
"6BWEA000.04","VAS-P07R_WEA01A06",NA,NA,NA,NA,"Manual Accept | EVJ fix"
"6ACRC000.19","VAS-Q11R_CRC01A14",NA,NA,NA,NA,"Manual Accept | EVJ fix"
"6AWAK000.04","VAS-Q11R_WAK01A14",NA,NA,NA,NA,"Manual Accept | EVJ fix"
"6AIAC002.23","VAS-Q13R_IAC01A10",NA,NA,NA,NA,"Manual Accept | EVJ fix"
"6ACNT000.31","VAS-Q04R_CNT01A10",NA,NA,NA,NA,"Manual Accept | EVJ fix"
"6AWBB000.01","VAS-Q04R_WBB01A12",NA,NA,NA,NA,"Manual Accept | EVJ fix"
"9-HCC007.83","VAS-N31R_HCC01A00",NA,NA,NA,NA,"Manual Accept | EVJ fix"
"6BCAV004.60","VAS-P01L_CAV01A10",NA,NA,NA,NA,"Manual Accept | EVJ fix"
"6APNR019.09","VAS-Q13R_PNR02B02",NA,NA,NA,NA,"Manual Accept | EVJ fix"
"9-NBS003.08","VAS-N26R_NBS01B04",NA,NA,NA,NA,"Manual Accept | EVJ fix"
"6BIDI008.73","VAS-P02R_IDI02A04",NA,NA,NA,NA,"Manual Accept | EVJ fix"
"6ADIS007.27","VAS-Q05R_DIS01B02",NA,NA,NA,NA,"Manual Accept | EVJ fix"
"6AXGN000.02","VAS-Q12R_XGN01A12",NA,NA,NA,NA,"Manual Accept | EVJ fix"
"3-PIS004.67","VAP-E23E_PIS02A00",NA,NA,NA,NA,"Manual Accept | EVJ fix"
"7-MJB004.03","VACB-R01E-MOB",NA,NA,NA,NA,"Manual Accept | EVJ fix"
"2-SPC002.83","VAV-H15R_SPC02A10",NA,NA,NA,NA,"Manual Accept | EVJ fix"
"7-WAR000.00","VAP-C05E_WAR02A02",NA,1,"Manual Review |",FALSE,"Manual Accept |"
"7BMJB002.38","VACB-R01E-MOB",NA,1,"Manual Review |",FALSE,"Manual Accept |"
"7-LAW000.04","VAT-C08L_LAW01A08",NA,1,"Manual Review |",FALSE,"Manual Accept |"
"7-LAW001.24","VAT-C08L_LAW01A08",NA,1,"Manual Review |",FALSE,"Manual Accept |"
"5ATRR008.25","VAT-K13R_TRR01A00",NA,1,"Manual Review |",FALSE,"Manual Accept |"
"5AMHN003.95","VAT-K13R_MHN01A00",NA,1,"Manual Review |",FALSE,"Manual Accept |"
"5AXPPL000.11","VAT-K27R_ZZZ01A00",NA,1,"Manual Review |",FALSE,"Manual Accept |"
"5ATRE003.38","VAT-K27R_TRE02A00",NA,1,"Manual Review |",FALSE,"Manual Accept |"
"5AXDMR001.60","VAT-K30R_ZZZ01A00",NA,1,"Manual Review |",FALSE,"Manual Accept |"
"5AXBRb000.20","VAT-K36R_ZZZ01A00",NA,1,"Manual Review |",FALSE,"Manual Accept |"
"7ACHE055.97","VACB-R01E-CB7N",NA,1,"Manual Review |",FALSE,"Manual Accept |"
"7ACHE004.29","VACB-R01E-CB8",NA,1,"Manual Review |",FALSE,"Manual Accept |"
"7ACHE013.48","VACB-R01E-CB7S",NA,1,"Manual Review |",FALSE,"Manual Accept |"
"7ACHE047.42","VACB-R01E-CB5",NA,1,"Manual Review |",FALSE,"Manual Accept |"
"7ACHE049.49","VACB-R01E-CB7N",NA,1,"Manual Review |",FALSE,"Manual Accept |"
"7ACHE055.60","VACB-R01E-CB7N",NA,1,"Manual Review |",FALSE,"Manual Accept |"
"7ACHE023.47","VACB-R01E-MOB",NA,1,"Manual Review |",FALSE,"Manual Accept |"
"5BNLR001.25","VAT-K41R_NLR04A08",NA,1,"Manual Review | No connections within 80 m",FALSE,"Manual Accept | Tidal fresh line far from point"
"5BAAC007.85","VAT-K41R_AAC01A06",NA,1,"Manual Review | 60 m",FALSE,"Manual Accept |"
"5ACOU001.40","VAT-K39R_ZZZ01A00",NA,1,"Manual Review | 20 m",FALSE,"Manual Accept |"
"5BNLR009.68","VAT-K41R_NLR04A08",NA,1,"Manual Review | No connections within 80 m",FALSE,"Manual Accept |"
"5BASH002.20","VAT-K42E_ASH01A06",NA,1,"Manual Review | 60 m",FALSE,"Manual Accept |"
"2-CRL004.04","VAT-G14R_CRL01A08",NA,1,"Manual Review | 60 m",FALSE,"Manual Accept |"
"2CNWB000.80","VAT-G13E_WBN01A06",NA,1,"Manual Review | No connections within 80 m",FALSE,"Manual Accept |"
"2CBLM001.45","VAT-G15R_SBE01A00",NA,1,"Manual Review | 20 m",FALSE,"Manual Accept |"
"7-GRS002.29","VAT-D04R_GRS01A00",NA,1,"Manual Review | 20 m",FALSE,"Manual Accept |"
"7-XER001.03","VAT-D04R_XER01A14",NA,1,"Manual Review | 20 m",FALSE,"Manual Accept |"
"7CWNA001.07","VAT-D01E_CHT01A08",NA,1,"Manual Review | No connections within 80 m",FALSE,"Manual Accept |"
"7-NEW000.95","VAT-C07E_NEW02A02",NA,1,"Manual Review | 60 m",FALSE,"Manual Accept |"
"5BNTH000.17","VAT-K42E_NTH01A00",NA,1,"Manual Review | NA",FALSE,"Manual Accept |"
"5BBKY005.60","VAT-K42E_BKY01A08",NA,1,"Manual Review | NA",FALSE,"Manual Accept |"
"5BBKY005.52","VAT-K42E_BKY03A08",NA,1,"Manual Review | NA",FALSE,"Manual Accept |"
"5BBKY005.75","VAT-K42E_BKY01A08",NA,1,"Manual Review | NA",FALSE,"Manual Accept |"
"5BBKY003.63","VAT-K42E_BKY03A08",NA,1,"Manual Review | NA",FALSE,"Manual Accept |"
"2CDPT000.15","VAT-G15E_DPT01A06",NA,1,"Manual Review | NA",FALSE,"Manual Accept |"
"2CWBE002.50","VAT-G15E_WBE02A00",NA,1,"Manual Review | NA",FALSE,"Manual Accept |"
"2CKMK000.05","VAT-G15E_KMK01A12",NA,1,"Manual Review | NA",FALSE,"Manual Accept |"
"2CNAN010.55","VAT-G13E_NAN03A06",NA,1,"Manual Review | NA",FALSE,"Manual Accept |"
"2CNWB001.70","VAT-G13E_WBN01A06",NA,1,"Manual Review | NA",FALSE,"Manual Accept |"
"2CRIC000.14","VAT-G11E_JMS04A06",NA,1,"Manual Review | NA",FALSE,"Manual Accept |"
"2CJMS009.67","VAT-G11E_JMS04A06",NA,1,"Manual Review | NA",FALSE,"Manual Accept |"
"2-CYP000.47","VAT-G11E_CYP01A06",NA,1,"Manual Review | NA",FALSE,"Manual Accept |"
"2CJMS036.83","VAT-G10E_JMS01A06",NA,1,"Manual Review | NA",FALSE,"Manual Accept |"
"2-CLG001.77","VAT-G10E_CLG01A06",NA,1,"Manual Review | NA",FALSE,"Manual Accept |"
"7-CHT003.03","VAT-D01E_CHT01A08",NA,1,"Manual Review | NA",FALSE,"Manual Accept |"
"7-CHT005.08","VAT-D01E_CHT01A08",NA,1,"Manual Review | NA",FALSE,"Manual Accept |"
"7-CHT005.14","VAT-D01E_CHT01A08",NA,1,"Manual Review | NA",FALSE,"Manual Accept |"
"7-CHT007.33","VAT-D01E_CHT01A08",NA,1,"Manual Review | NA",FALSE,"Manual Accept |"
"7CSHB000.32","VAT-D01E_QSC01A08",NA,1,"Manual Review | NA",FALSE,"Manual Accept |"
"7BCIB000.76","VAT-D03E_ZZZ01A00",NA,1,"Manual Review | NA",FALSE,"Manual Accept |"
"7-WAI002.13","VAT-D03E_BTB01A06",NA,1,"Manual Review | NA",FALSE,"Manual Accept |"
"7-GMA000.39","VAT-D04E_HGI01A20",NA,1,"Manual Review | NA",FALSE,"Manual Accept |"
"7CGMA001.25","VAT-D04E_HGI01A20",NA,1,"Manual Review | NA",FALSE,"Manual Accept |"
"7-MAG002.87","VAT-D06E_MAG02A08",NA,1,"Manual Review | NA",FALSE,"Manual Accept |"
"7-MAG005.52","VAT-D06E_MAG02A08",NA,1,"Manual Review | NA",FALSE,"Manual Accept |"
"7-MAG005.60","VAT-D06E_MAG02A08",NA,1,"Manual Review | NA",FALSE,"Manual Accept |"
"7CMAG005.54","VAT-D06E_MAG02A08",NA,1,"Manual Review | NA",FALSE,"Manual Accept |"
"7CSIB000.28","VAT-D06E_MAG02A08",NA,1,"Manual Review | NA",FALSE,"Manual Accept |"
"7-SMI000.40","VAT-D06E_SMI01A08",NA,1,"Manual Review | NA",FALSE,"Manual Accept |"
"7BCCR000.74","VAT-C13E_CHC01A00",NA,1,"Manual Review | NA",FALSE,"Manual Accept |"
"7-NAN001.09","VAT-C13E_NAN02A06",NA,1,"Manual Review | NA",FALSE,"Manual Accept |"
"7BCSX001.71","VAT-C11E_CSX02A06",NA,1,"Manual Review | NA",FALSE,"Manual Accept |"
"7BCSX000.62","VAT-C11E_CSX02A06",NA,1,"Manual Review | NA",FALSE,"Manual Accept |"
"7-DEP000.24","VAT-C10E_DEP03A08",NA,1,"Manual Review | NA",FALSE,"Manual Accept |"
"7-MUD000.20","VAT-C10E_MUD03A08",NA,1,"Manual Review | NA",FALSE,"Manual Accept |"
"7BPKS001.58","VAT-C10E_POC01A08",NA,1,"Manual Review | NA",FALSE,"Manual Accept |"
"7BPKS003.02","VACB-C10E_POC01B18",NA,1,"Manual Review | NA",FALSE,"Manual Accept |"
"7-LKN002.22","VAT-C08E_LKN02A10",NA,1,"Manual Review | NA",FALSE,"Manual Accept |"
"7BLKN002.50","VAT-C08E_LKN01B14",NA,1,"Manual Review | NA",FALSE,"Manual Accept |"
"7-LYN001.50","VAT-C08E_LYN01A06",NA,1,"Manual Review | NA",FALSE,"Manual Accept |"
"7-SWB001.15","VAT-C07E_SWB03A20",NA,1,"Manual Review | NA",FALSE,"Manual Accept |"
"7-SWB000.00","VAT-C07E_SWB02A08",NA,1,"Manual Review | NA",FALSE,"Manual Accept |"
"7-NWB000.00","VAT-C07E_BAK01A00",NA,1,"Manual Review | NA",FALSE,"Manual Accept |"
"7-NWB001.34","VAT-C07E_NWB02A06",NA,1,"Manual Review | NA",FALSE,"Manual Accept |"
"7-BAK001.92","VAT-C07E_BAK01A00",NA,1,"Manual Review | NA",FALSE,"Manual Accept |"
"7BBAK001.94","VAT-C07E_BAK01A00",NA,1,"Manual Review | NA",FALSE,"Manual Accept |"
"7-BAK000.00","VAT-C07E_BAK01A00",NA,1,"Manual Review | NA",FALSE,"Manual Accept |"
"7-BEN000.68","VAT-C07E_BEN03A16",NA,1,"Manual Review | NA",FALSE,"Manual Accept |"
"7-CHS001.88","VAT-C07E_CHS01A06",NA,1,"Manual Review | NA",FALSE,"Manual Accept |"
"8-CTR000.80","VAT-F27E_CRT01A00",NA,1,"Manual Review | NA",FALSE,"Manual Accept |"
"8-CTR001.06","VAT-F27E_CRT01A00",NA,1,"Manual Review | NA",FALSE,"Manual Accept |"
"8-PTK001.97","VAT-F26E_PTK01A00",NA,1,"Manual Review | NA",FALSE,"Manual Accept |"
