"WXA_XRF_AU_STATION_ID","WXA_AU_DETAIL_ID","WXA_STATION_DETAIL_ID","WSD_CYCLE","WSD_DEPTH","WSD_COMMENTS","WSD_BIBI_SCORE","WSD_STATION_ID","STA_NAME","STA_WATERSHED","STA_COMMENT","STA_REGION","STA_VA_HU6","SSH_REPORT_STATUS_ID","RST_REPORT_STATUS_CODE","WSD_INSERTED_BY","WSD_INSERTED_DATE","WSD_CHANGED_BY","WSD_CHANGED_DATE","LOADED_BY","LOADED_DATE","STA_LOCATION_DESCRIPTION","WSD_SALINITY_ID","WSC_DESCRIPTION","WSD_LAC_ZONE_YN","WSD_WATER_TYPE_ID","WWT_WATER_TYPE_DESC","WWT_EPA_WATER_TYPE","WWT_WATER_SIZE_UNIT","WSD_BENTHIC_WOE_CAT","CAT_STATE_IR_CAT_DESC"
116646,47173,95814,"2012","S",,,"4AGSE013.45","4AGSE013.45","L22","Station moved from 4AGSE013.78 3/21/2022, RU43","WCRO","RU43",8,"Approved","WQM_DBA",2018-08-15 00:00:00,,,"CEDS_PUBLIC",2022-08-29 01:18:29,"HEADENS BRIDGE RD RT 732",,,,,,,,,
17737,47173,43316,"2012","S",,,"4AGSE013.78",,,,,,8,"Approved","WQM_DBA",2018-08-15 00:00:00,,,"CEDS_PUBLIC",2022-08-29 01:18:29,,,,,,,,,,
116647,47195,95815,"2014","S",,,"4AGSE013.45","4AGSE013.45","L22","Station moved from 4AGSE013.78 3/21/2022, RU43","WCRO","RU43",8,"Approved","WQM_DBA",2018-08-15 00:00:00,,,"CEDS_PUBLIC",2022-08-29 01:18:29,"HEADENS BRIDGE RD RT 732",,,,,,,,,
15122,47195,39565,"2014","S",,,"4AGSE013.78",,,,,,8,"Approved","WQM_DBA",2018-08-15 00:00:00,,,"CEDS_PUBLIC",2022-08-29 01:18:29,,,,,,,,,,
116645,47147,95817,"2016","S",,,"4AGSE013.45","4AGSE013.45","L22","Station moved from 4AGSE013.78 3/21/2022, RU43","WCRO","RU43",8,"Approved","WQM_DBA",2018-08-15 00:00:00,,,"CEDS_PUBLIC",2022-08-29 01:18:29,"HEADENS BRIDGE RD RT 732",,,,,,,,,
6830,47147,29285,"2016","S",,,"4AGSE013.78",,,,,,8,"Approved","WQM_DBA",2018-08-15 00:00:00,,,"CEDS_PUBLIC",2022-08-29 01:18:29,,,,,,,,,,
116648,57376,95818,"2018","S","2016 Cycle: 4 of 23 E.coli samples exceed 235 cfu/100 ml WQS instantaneous criteria at 350 to >2000  cfu/100 ml. Temp, DO, pH and TN- 'FS'. Two TP samples >0.20 mg/L (0.21 & 0.28 mg/L)- 'OE'.     2014 Cycle:  Staunton River Bacteria TMDL U.S. EPA approved 6/22/2006.  Fed IDs 24386/23315/23316/24387/24552.  SWCB approved 6/17/2007.  Goose Creek Fed ID 24552 and its tributaries are nested within the Staunton River TMDL Watershed.      There are no additional data beyond the 2012 IR.  Two of 11 escherichia coli samples exceed the 235 cfu/100 ml WQS instantaneous criterion at 580 and greater than 2000 cfu/100 ml.  DO, Temp, pH and TN- 'FS'.",,"4AGSE013.45","4AGSE013.45","L22","Station moved from 4AGSE013.78 3/21/2022, RU43","WCRO","RU43",8,"Approved","WQM_DBA",2019-02-05 00:00:00,,,"CEDS_PUBLIC",2022-08-29 01:18:29,"HEADENS BRIDGE RD RT 732",,,,,,,,,
60117,57376,52117,"2018","S","2016 Cycle: 4 of 23 E.coli samples exceed 235 cfu/100 ml WQS instantaneous criteria at 350 to >2000  cfu/100 ml. Temp, DO, pH and TN- 'FS'. Two TP samples >0.20 mg/L (0.21 & 0.28 mg/L)- 'OE'.     2014 Cycle:  Staunton River Bacteria TMDL U.S. EPA approved 6/22/2006.  Fed IDs 24386/23315/23316/24387/24552.  SWCB approved 6/17/2007.  Goose Creek Fed ID 24552 and its tributaries are nested within the Staunton River TMDL Watershed.      There are no additional data beyond the 2012 IR.  Two of 11 escherichia coli samples exceed the 235 cfu/100 ml WQS instantaneous criterion at 580 and greater than 2000 cfu/100 ml.  DO, Temp, pH and TN- 'FS'.",,"4AGSE013.78",,,,,,8,"Approved","WQM_DBA",2019-02-05 12:19:28,,,"CEDS_PUBLIC",2022-08-29 01:18:29,,,,,,,,,,
116649,66341,95816,"2020",,"2018 Cycle: 7 of 23 E.Coli samples exceed 235 cfu/100 ml WQS instantaneous criteria. Two TP samples >0.20 mg/L (0.21 & 0.28 mg/L)- 'OE'.
2014 Cycle: Staunton River Bacteria TMDL U.S. EPA approved 6/22/2006.  Fed IDs 24386/23315/23316/24387/24552.  SWCB approved 6/17/2007.  Goose Creek Fed ID 24552 and its tributaries are nested within the Staunton River TMDL Watershed.






There are no additional data beyond the 2012 IR.  Two of 11 escherichia coli samples exceed the 235 cfu/100 ml WQS instantaneous criterion at 580 and greater than 2000 cfu/100 ml.  DO, Temp, pH and TN- 'FS'.",,"4AGSE013.45","4AGSE013.45","L22","Station moved from 4AGSE013.78 3/21/2022, RU43","WCRO","RU43",8,"Approved","Data Migration",2020-12-16 00:00:00,"Data Migration",2020-12-16 00:00:00,"CEDS_PUBLIC",2022-08-29 01:18:29,"HEADENS BRIDGE RD RT 732",,,,21,"RIVER","STREAM/CREEK/RIVER","Miles",,
63092,66341,54072,"2020",,"2018 Cycle: 7 of 23 E.Coli samples exceed 235 cfu/100 ml WQS instantaneous criteria. Two TP samples >0.20 mg/L (0.21 & 0.28 mg/L)- 'OE'.  
2014 Cycle: Staunton River Bacteria TMDL U.S. EPA approved 6/22/2006.  Fed IDs 24386/23315/23316/24387/24552.  SWCB approved 6/17/2007.  Goose Creek Fed ID 24552 and its tributaries are nested within the Staunton River TMDL Watershed. 
 
 
 
 
 
 
There are no additional data beyond the 2012 IR.  Two of 11 escherichia coli samples exceed the 235 cfu/100 ml WQS instantaneous criterion at 580 and greater than 2000 cfu/100 ml.  DO, Temp, pH and TN- 'FS'.",,"4AGSE013.78",,,,,,8,"Approved","Data Migration",2020-12-16 17:05:24,"Data Migration",2020-12-16 17:05:24,"CEDS_PUBLIC",2022-08-29 01:18:29,,,,,21,"RIVER","STREAM/CREEK/RIVER","Miles",,
110185,71049,90199,"2022",,"ECOLI 'IM' carries. 2022 Cycle: NOTE that this station replaces 4AGSE013.78. One elevated TN obs (>2 mg/L) at 2.04 mg/L. Five elevated (>0.1 mg/L) TP obs range 0.12-1.07 mg/L (2015-17, 2019). New Ecoli WQS confirms IM - 2 or more STV hits in the same 90-day period with < 10 samples.",,"4AGSE013.45","4AGSE013.45","L22","Station moved from 4AGSE013.78 3/21/2022, RU43","WCRO","RU43",6,"In Progress","MRDAIL",2022-04-14 17:50:37,"MRDAIL",2022-04-14 17:53:20,"CEDS_PUBLIC",2022-08-29 01:18:29,"HEADENS BRIDGE RD RT 732",,,,21,"RIVER","STREAM/CREEK/RIVER","Miles",,
110186,74317,90199,"2022",,"ECOLI 'IM' carries. 2022 Cycle: NOTE that this station replaces 4AGSE013.78. One elevated TN obs (>2 mg/L) at 2.04 mg/L. Five elevated (>0.1 mg/L) TP obs range 0.12-1.07 mg/L (2015-17, 2019). New Ecoli WQS confirms IM - 2 or more STV hits in the same 90-day period with < 10 samples.",,"4AGSE013.45","4AGSE013.45","L22","Station moved from 4AGSE013.78 3/21/2022, RU43","WCRO","RU43",6,"In Progress","MRDAIL",2022-04-14 17:50:37,"MRDAIL",2022-04-14 17:53:20,"CEDS_PUBLIC",2022-08-29 01:18:29,"HEADENS BRIDGE RD RT 732",,,,21,"RIVER","STREAM/CREEK/RIVER","Miles",,
82352,71049,68430,"2022",,"ECOLI 'IM' carries. 2022 Cycle: One elevated TN obs (>2 mg/L) at 2.04 mg/L. Five elevated (>0.1 mg/L) TP obs range 0.12-1.07 mg/L (2015-17, 2019). New Ecoli WQS confirms IM - 2 or more STV hits in the same 90-day period with < 10 samples.",,"4AGSE013.78",,,,,,8,"Approved","MRDAIL",2022-02-19 13:05:59,,,"CEDS_PUBLIC",2022-08-29 01:18:29,,,,,21,"RIVER","STREAM/CREEK/RIVER","Miles",,
